<?xml version="1.0"?>

<valgrindoutput>

<protocolversion>4</protocolversion>
<protocoltool>memcheck</protocoltool>

<preamble>
  <line>Memcheck, a memory error detector</line>
  <line>Copyright (C) 2002-2015, and GNU GPL'd, by Julian Seward et al.</line>
  <line>Using Valgrind-3.11.0 and LibVEX; rerun with -h for copyright info</line>
  <line>Command: /media/sf_E_DRIVE/test_env/bachelor-master/cmake-build-debug/Bachelor</line>
</preamble>

<pid>4447</pid>
<ppid>4196</ppid>
<tool>memcheck</tool>

<args>
  <vargv>
    <exe>/usr/bin/valgrind.bin</exe>
    <arg>--tool=memcheck</arg>
    <arg>--xml=yes</arg>
    <arg>--xml-file=/tmp/valgrind</arg>
    <arg>--gen-suppressions=all</arg>
    <arg>--leak-check=full</arg>
    <arg>--leak-resolution=med</arg>
    <arg>--track-origins=yes</arg>
    <arg>--vgdb=no</arg>
  </vargv>
  <argv>
    <exe>/media/sf_E_DRIVE/test_env/bachelor-master/cmake-build-debug/Bachelor</exe>
  </argv>
</args>

<status>
  <state>RUNNING</state>
  <time>00:00:00:00.201 </time>
</status>


<status>
  <state>FINISHED</state>
  <time>00:02:10:59.858 </time>
</status>

<errorcounts>
</errorcounts>

<suppcounts>
</suppcounts>

</valgrindoutput>

