<?xml version="1.0"?>

<valgrindoutput>

<protocolversion>4</protocolversion>
<protocoltool>memcheck</protocoltool>

<preamble>
  <line>Memcheck, a memory error detector</line>
  <line>Copyright (C) 2002-2015, and GNU GPL'd, by Julian Seward et al.</line>
  <line>Using Valgrind-3.11.0 and LibVEX; rerun with -h for copyright info</line>
  <line>Command: /media/sf_E_DRIVE/test_env/bachelor-master/cmake-build-debug/Bachelor</line>
</preamble>

<pid>6399</pid>
<ppid>5302</ppid>
<tool>memcheck</tool>

<args>
  <vargv>
    <exe>/usr/bin/valgrind.bin</exe>
    <arg>--tool=memcheck</arg>
    <arg>--xml=yes</arg>
    <arg>--xml-file=/tmp/valgrind</arg>
    <arg>--gen-suppressions=all</arg>
    <arg>--leak-check=full</arg>
    <arg>--leak-resolution=med</arg>
    <arg>--track-origins=yes</arg>
    <arg>--vgdb=no</arg>
  </vargv>
  <argv>
    <exe>/media/sf_E_DRIVE/test_env/bachelor-master/cmake-build-debug/Bachelor</exe>
  </argv>
</args>

<status>
  <state>RUNNING</state>
  <time>00:00:00:00.146 </time>
</status>

<error>
  <unique>0x0</unique>
  <tid>1</tid>
  <kind>InvalidRead</kind>
  <what>Invalid read of size 1</what>
  <stack>
    <frame>
      <ip>0x4046D4</ip>
      <obj>/media/sf_E_DRIVE/test_env/bachelor-master/cmake-build-debug/Bachelor</obj>
      <fn>planner::cGraph::Elevation(int, int)</fn>
      <dir>/media/sf_E_DRIVE/test_env/bachelor-master/planner/src</dir>
      <file>graph.cpp</file>
      <line>67</line>
    </frame>
    <frame>
      <ip>0x404B92</ip>
      <obj>/media/sf_E_DRIVE/test_env/bachelor-master/cmake-build-debug/Bachelor</obj>
      <fn>planner::cPlanner::GradX(int, int) const</fn>
      <dir>/media/sf_E_DRIVE/test_env/bachelor-master/planner/src</dir>
      <file>planner.cpp</file>
      <line>71</line>
    </frame>
    <frame>
      <ip>0x4048C8</ip>
      <obj>/media/sf_E_DRIVE/test_env/bachelor-master/cmake-build-debug/Bachelor</obj>
      <fn>planner::cPlanner::CalculateConsistencyFactor()</fn>
      <dir>/media/sf_E_DRIVE/test_env/bachelor-master/planner/src</dir>
      <file>planner.cpp</file>
      <line>43</line>
    </frame>
    <frame>
      <ip>0x404809</ip>
      <obj>/media/sf_E_DRIVE/test_env/bachelor-master/cmake-build-debug/Bachelor</obj>
      <fn>planner::cPlanner::cPlanner(planner::cRoverInterface&lt;8ul&gt;*, planner::cGraph&amp;)</fn>
      <dir>/media/sf_E_DRIVE/test_env/bachelor-master/planner/src</dir>
      <file>planner.cpp</file>
      <line>31</line>
    </frame>
    <frame>
      <ip>0x404309</ip>
      <obj>/media/sf_E_DRIVE/test_env/bachelor-master/cmake-build-debug/Bachelor</obj>
      <fn>planner::cAudiRover::InitializePlanner(int const&amp;, int const&amp;)</fn>
      <dir>/media/sf_E_DRIVE/test_env/bachelor-master/planner/src</dir>
      <file>audi_rover.cpp</file>
      <line>48</line>
    </frame>
    <frame>
      <ip>0x404266</ip>
      <obj>/media/sf_E_DRIVE/test_env/bachelor-master/cmake-build-debug/Bachelor</obj>
      <fn>planner::cAudiRover::Summon(int, int)</fn>
      <dir>/media/sf_E_DRIVE/test_env/bachelor-master/planner/src</dir>
      <file>audi_rover.cpp</file>
      <line>36</line>
    </frame>
    <frame>
      <ip>0x4025BE</ip>
      <obj>/media/sf_E_DRIVE/test_env/bachelor-master/cmake-build-debug/Bachelor</obj>
      <fn>main</fn>
      <dir>/media/sf_E_DRIVE/test_env/bachelor-master</dir>
      <file>main.cpp</file>
      <line>39</line>
    </frame>
  </stack>
  <auxwhat>Address 0x5ea503f is 1 bytes before a block of size 4,194,304 alloc'd</auxwhat>
  <stack>
    <frame>
      <ip>0x4C2E0EF</ip>
      <obj>/usr/lib/valgrind/vgpreload_memcheck-amd64-linux.so</obj>
      <fn>operator new(unsigned long)</fn>
    </frame>
    <frame>
      <ip>0x403461</ip>
      <obj>/media/sf_E_DRIVE/test_env/bachelor-master/cmake-build-debug/Bachelor</obj>
      <fn>__gnu_cxx::new_allocator&lt;unsigned char&gt;::allocate(unsigned long, void const*)</fn>
      <dir>/usr/include/c++/5/ext</dir>
      <file>new_allocator.h</file>
      <line>104</line>
    </frame>
    <frame>
      <ip>0x4033AE</ip>
      <obj>/media/sf_E_DRIVE/test_env/bachelor-master/cmake-build-debug/Bachelor</obj>
      <fn>std::allocator_traits&lt;std::allocator&lt;unsigned char&gt; &gt;::allocate(std::allocator&lt;unsigned char&gt;&amp;, unsigned long)</fn>
      <dir>/usr/include/c++/5/bits</dir>
      <file>alloc_traits.h</file>
      <line>491</line>
    </frame>
    <frame>
      <ip>0x403307</ip>
      <obj>/media/sf_E_DRIVE/test_env/bachelor-master/cmake-build-debug/Bachelor</obj>
      <fn>std::_Vector_base&lt;unsigned char, std::allocator&lt;unsigned char&gt; &gt;::_M_allocate(unsigned long)</fn>
      <dir>/usr/include/c++/5/bits</dir>
      <file>stl_vector.h</file>
      <line>170</line>
    </frame>
    <frame>
      <ip>0x4031E6</ip>
      <obj>/media/sf_E_DRIVE/test_env/bachelor-master/cmake-build-debug/Bachelor</obj>
      <fn>std::_Vector_base&lt;unsigned char, std::allocator&lt;unsigned char&gt; &gt;::_M_create_storage(unsigned long)</fn>
      <dir>/usr/include/c++/5/bits</dir>
      <file>stl_vector.h</file>
      <line>185</line>
    </frame>
    <frame>
      <ip>0x403072</ip>
      <obj>/media/sf_E_DRIVE/test_env/bachelor-master/cmake-build-debug/Bachelor</obj>
      <fn>std::_Vector_base&lt;unsigned char, std::allocator&lt;unsigned char&gt; &gt;::_Vector_base(unsigned long, std::allocator&lt;unsigned char&gt; const&amp;)</fn>
      <dir>/usr/include/c++/5/bits</dir>
      <file>stl_vector.h</file>
      <line>136</line>
    </frame>
    <frame>
      <ip>0x402EDD</ip>
      <obj>/media/sf_E_DRIVE/test_env/bachelor-master/cmake-build-debug/Bachelor</obj>
      <fn>std::vector&lt;unsigned char, std::allocator&lt;unsigned char&gt; &gt;::vector(unsigned long, std::allocator&lt;unsigned char&gt; const&amp;)</fn>
      <dir>/usr/include/c++/5/bits</dir>
      <file>stl_vector.h</file>
      <line>278</line>
    </frame>
    <frame>
      <ip>0x401F7C</ip>
      <obj>/media/sf_E_DRIVE/test_env/bachelor-master/cmake-build-debug/Bachelor</obj>
      <fn>loadFile(std::__cxx11::basic_string&lt;char, std::char_traits&lt;char&gt;, std::allocator&lt;char&gt; &gt; const&amp;, unsigned long)</fn>
      <dir>/media/sf_E_DRIVE/test_env/bachelor-master</dir>
      <file>utilities.h</file>
      <line>49</line>
    </frame>
    <frame>
      <ip>0x4023CF</ip>
      <obj>/media/sf_E_DRIVE/test_env/bachelor-master/cmake-build-debug/Bachelor</obj>
      <fn>main</fn>
      <dir>/media/sf_E_DRIVE/test_env/bachelor-master</dir>
      <file>main.cpp</file>
      <line>18</line>
    </frame>
  </stack>
  <suppression>
    <sname>insert_a_suppression_name_here</sname>
    <skind>Memcheck:Addr1</skind>
    <sframe> <fun>_ZN7planner6cGraph9ElevationEii</fun> </sframe>
    <sframe> <fun>_ZNK7planner8cPlanner5GradXEii</fun> </sframe>
    <sframe> <fun>_ZN7planner8cPlanner26CalculateConsistencyFactorEv</fun> </sframe>
    <sframe> <fun>_ZN7planner8cPlannerC1EPNS_15cRoverInterfaceILm8EEERNS_6cGraphE</fun> </sframe>
    <sframe> <fun>_ZN7planner10cAudiRover17InitializePlannerERKiS2_</fun> </sframe>
    <sframe> <fun>_ZN7planner10cAudiRover6SummonEii</fun> </sframe>
    <sframe> <fun>main</fun> </sframe>
    <rawtext>
<![CDATA[
{
   <insert_a_suppression_name_here>
   Memcheck:Addr1
   fun:_ZN7planner6cGraph9ElevationEii
   fun:_ZNK7planner8cPlanner5GradXEii
   fun:_ZN7planner8cPlanner26CalculateConsistencyFactorEv
   fun:_ZN7planner8cPlannerC1EPNS_15cRoverInterfaceILm8EEERNS_6cGraphE
   fun:_ZN7planner10cAudiRover17InitializePlannerERKiS2_
   fun:_ZN7planner10cAudiRover6SummonEii
   fun:main
}
]]>
    </rawtext>
  </suppression>
</error>

  <suppression>
    <sname>insert_a_suppression_name_here</sname>
    <skind>Memcheck:Addr1</skind>
    <sframe> <fun>_ZN7planner6cGraph9ElevationEii</fun> </sframe>
    <sframe> <fun>_ZNK7planner8cPlanner5GradXEii</fun> </sframe>
    <sframe> <fun>_ZN7planner8cPlanner26CalculateConsistencyFactorEv</fun> </sframe>
    <sframe> <fun>_ZN7planner8cPlannerC1EPNS_15cRoverInterfaceILm8EEERNS_6cGraphE</fun> </sframe>
    <sframe> <fun>_ZN7planner10cAudiRover17InitializePlannerERKiS2_</fun> </sframe>
    <sframe> <fun>_ZN7planner10cAudiRover6SummonEii</fun> </sframe>
    <sframe> <fun>main</fun> </sframe>
    <rawtext>
<![CDATA[
{
   <insert_a_suppression_name_here>
   Memcheck:Addr1
   fun:_ZN7planner6cGraph9ElevationEii
   fun:_ZNK7planner8cPlanner5GradXEii
   fun:_ZN7planner8cPlanner26CalculateConsistencyFactorEv
   fun:_ZN7planner8cPlannerC1EPNS_15cRoverInterfaceILm8EEERNS_6cGraphE
   fun:_ZN7planner10cAudiRover17InitializePlannerERKiS2_
   fun:_ZN7planner10cAudiRover6SummonEii
   fun:main
}
]]>
    </rawtext>
  </suppression>

<status>
  <state>FINISHED</state>
  <time>00:00:23:42.620 </time>
</status>

<error>
  <unique>0x1</unique>
  <tid>1</tid>
  <kind>Leak_PossiblyLost</kind>
  <xwhat>
    <text>48 bytes in 1 blocks are possibly lost in loss record 1 of 8</text>
    <leakedbytes>48</leakedbytes>
    <leakedblocks>1</leakedblocks>
  </xwhat>
  <stack>
    <frame>
      <ip>0x4C2E0EF</ip>
      <obj>/usr/lib/valgrind/vgpreload_memcheck-amd64-linux.so</obj>
      <fn>operator new(unsigned long)</fn>
    </frame>
    <frame>
      <ip>0x4054E7</ip>
      <obj>/media/sf_E_DRIVE/test_env/bachelor-master/cmake-build-debug/Bachelor</obj>
      <fn>planner::cPlanner::AStar()</fn>
      <dir>/media/sf_E_DRIVE/test_env/bachelor-master/planner/src</dir>
      <file>planner.cpp</file>
      <line>214</line>
    </frame>
    <frame>
      <ip>0x40549B</ip>
      <obj>/media/sf_E_DRIVE/test_env/bachelor-master/cmake-build-debug/Bachelor</obj>
      <fn>planner::cPlanner::Plan()</fn>
      <dir>/media/sf_E_DRIVE/test_env/bachelor-master/planner/src</dir>
      <file>planner.cpp</file>
      <line>207</line>
    </frame>
    <frame>
      <ip>0x404281</ip>
      <obj>/media/sf_E_DRIVE/test_env/bachelor-master/cmake-build-debug/Bachelor</obj>
      <fn>planner::cAudiRover::Summon(int, int)</fn>
      <dir>/media/sf_E_DRIVE/test_env/bachelor-master/planner/src</dir>
      <file>audi_rover.cpp</file>
      <line>38</line>
    </frame>
    <frame>
      <ip>0x4025BE</ip>
      <obj>/media/sf_E_DRIVE/test_env/bachelor-master/cmake-build-debug/Bachelor</obj>
      <fn>main</fn>
      <dir>/media/sf_E_DRIVE/test_env/bachelor-master</dir>
      <file>main.cpp</file>
      <line>39</line>
    </frame>
  </stack>
  <suppression>
    <sname>insert_a_suppression_name_here</sname>
    <skind>Memcheck:Leak</skind>
    <skaux>match-leak-kinds: possible</skaux>
    <sframe> <fun>_Znwm</fun> </sframe>
    <sframe> <fun>_ZN7planner8cPlanner5AStarEv</fun> </sframe>
    <sframe> <fun>_ZN7planner8cPlanner4PlanEv</fun> </sframe>
    <sframe> <fun>_ZN7planner10cAudiRover6SummonEii</fun> </sframe>
    <sframe> <fun>main</fun> </sframe>
    <rawtext>
<![CDATA[
{
   <insert_a_suppression_name_here>
   Memcheck:Leak
   match-leak-kinds: possible
   fun:_Znwm
   fun:_ZN7planner8cPlanner5AStarEv
   fun:_ZN7planner8cPlanner4PlanEv
   fun:_ZN7planner10cAudiRover6SummonEii
   fun:main
}
]]>
    </rawtext>
  </suppression>
</error>

  <suppression>
    <sname>insert_a_suppression_name_here</sname>
    <skind>Memcheck:Leak</skind>
    <skaux>match-leak-kinds: possible</skaux>
    <sframe> <fun>_Znwm</fun> </sframe>
    <sframe> <fun>_ZN7planner8cPlanner5AStarEv</fun> </sframe>
    <sframe> <fun>_ZN7planner8cPlanner4PlanEv</fun> </sframe>
    <sframe> <fun>_ZN7planner10cAudiRover6SummonEii</fun> </sframe>
    <sframe> <fun>main</fun> </sframe>
    <rawtext>
<![CDATA[
{
   <insert_a_suppression_name_here>
   Memcheck:Leak
   match-leak-kinds: possible
   fun:_Znwm
   fun:_ZN7planner8cPlanner5AStarEv
   fun:_ZN7planner8cPlanner4PlanEv
   fun:_ZN7planner10cAudiRover6SummonEii
   fun:main
}
]]>
    </rawtext>
  </suppression>
<error>
  <unique>0x2</unique>
  <tid>1</tid>
  <kind>Leak_DefinitelyLost</kind>
  <xwhat>
    <text>48 bytes in 1 blocks are definitely lost in loss record 2 of 8</text>
    <leakedbytes>48</leakedbytes>
    <leakedblocks>1</leakedblocks>
  </xwhat>
  <stack>
    <frame>
      <ip>0x4C2E0EF</ip>
      <obj>/usr/lib/valgrind/vgpreload_memcheck-amd64-linux.so</obj>
      <fn>operator new(unsigned long)</fn>
    </frame>
    <frame>
      <ip>0x40558B</ip>
      <obj>/media/sf_E_DRIVE/test_env/bachelor-master/cmake-build-debug/Bachelor</obj>
      <fn>planner::cPlanner::AStar()</fn>
      <dir>/media/sf_E_DRIVE/test_env/bachelor-master/planner/src</dir>
      <file>planner.cpp</file>
      <line>222</line>
    </frame>
    <frame>
      <ip>0x40549B</ip>
      <obj>/media/sf_E_DRIVE/test_env/bachelor-master/cmake-build-debug/Bachelor</obj>
      <fn>planner::cPlanner::Plan()</fn>
      <dir>/media/sf_E_DRIVE/test_env/bachelor-master/planner/src</dir>
      <file>planner.cpp</file>
      <line>207</line>
    </frame>
    <frame>
      <ip>0x404281</ip>
      <obj>/media/sf_E_DRIVE/test_env/bachelor-master/cmake-build-debug/Bachelor</obj>
      <fn>planner::cAudiRover::Summon(int, int)</fn>
      <dir>/media/sf_E_DRIVE/test_env/bachelor-master/planner/src</dir>
      <file>audi_rover.cpp</file>
      <line>38</line>
    </frame>
    <frame>
      <ip>0x4025BE</ip>
      <obj>/media/sf_E_DRIVE/test_env/bachelor-master/cmake-build-debug/Bachelor</obj>
      <fn>main</fn>
      <dir>/media/sf_E_DRIVE/test_env/bachelor-master</dir>
      <file>main.cpp</file>
      <line>39</line>
    </frame>
  </stack>
  <suppression>
    <sname>insert_a_suppression_name_here</sname>
    <skind>Memcheck:Leak</skind>
    <skaux>match-leak-kinds: definite</skaux>
    <sframe> <fun>_Znwm</fun> </sframe>
    <sframe> <fun>_ZN7planner8cPlanner5AStarEv</fun> </sframe>
    <sframe> <fun>_ZN7planner8cPlanner4PlanEv</fun> </sframe>
    <sframe> <fun>_ZN7planner10cAudiRover6SummonEii</fun> </sframe>
    <sframe> <fun>main</fun> </sframe>
    <rawtext>
<![CDATA[
{
   <insert_a_suppression_name_here>
   Memcheck:Leak
   match-leak-kinds: definite
   fun:_Znwm
   fun:_ZN7planner8cPlanner5AStarEv
   fun:_ZN7planner8cPlanner4PlanEv
   fun:_ZN7planner10cAudiRover6SummonEii
   fun:main
}
]]>
    </rawtext>
  </suppression>
</error>

  <suppression>
    <sname>insert_a_suppression_name_here</sname>
    <skind>Memcheck:Leak</skind>
    <skaux>match-leak-kinds: definite</skaux>
    <sframe> <fun>_Znwm</fun> </sframe>
    <sframe> <fun>_ZN7planner8cPlanner5AStarEv</fun> </sframe>
    <sframe> <fun>_ZN7planner8cPlanner4PlanEv</fun> </sframe>
    <sframe> <fun>_ZN7planner10cAudiRover6SummonEii</fun> </sframe>
    <sframe> <fun>main</fun> </sframe>
    <rawtext>
<![CDATA[
{
   <insert_a_suppression_name_here>
   Memcheck:Leak
   match-leak-kinds: definite
   fun:_Znwm
   fun:_ZN7planner8cPlanner5AStarEv
   fun:_ZN7planner8cPlanner4PlanEv
   fun:_ZN7planner10cAudiRover6SummonEii
   fun:main
}
]]>
    </rawtext>
  </suppression>
<error>
  <unique>0x3</unique>
  <tid>1</tid>
  <kind>Leak_DefinitelyLost</kind>
  <xwhat>
    <text>48 bytes in 1 blocks are definitely lost in loss record 3 of 8</text>
    <leakedbytes>48</leakedbytes>
    <leakedblocks>1</leakedblocks>
  </xwhat>
  <stack>
    <frame>
      <ip>0x4C2E0EF</ip>
      <obj>/usr/lib/valgrind/vgpreload_memcheck-amd64-linux.so</obj>
      <fn>operator new(unsigned long)</fn>
    </frame>
    <frame>
      <ip>0x4055AA</ip>
      <obj>/media/sf_E_DRIVE/test_env/bachelor-master/cmake-build-debug/Bachelor</obj>
      <fn>planner::cPlanner::AStar()</fn>
      <dir>/media/sf_E_DRIVE/test_env/bachelor-master/planner/src</dir>
      <file>planner.cpp</file>
      <line>225</line>
    </frame>
    <frame>
      <ip>0x40549B</ip>
      <obj>/media/sf_E_DRIVE/test_env/bachelor-master/cmake-build-debug/Bachelor</obj>
      <fn>planner::cPlanner::Plan()</fn>
      <dir>/media/sf_E_DRIVE/test_env/bachelor-master/planner/src</dir>
      <file>planner.cpp</file>
      <line>207</line>
    </frame>
    <frame>
      <ip>0x404281</ip>
      <obj>/media/sf_E_DRIVE/test_env/bachelor-master/cmake-build-debug/Bachelor</obj>
      <fn>planner::cAudiRover::Summon(int, int)</fn>
      <dir>/media/sf_E_DRIVE/test_env/bachelor-master/planner/src</dir>
      <file>audi_rover.cpp</file>
      <line>38</line>
    </frame>
    <frame>
      <ip>0x4025BE</ip>
      <obj>/media/sf_E_DRIVE/test_env/bachelor-master/cmake-build-debug/Bachelor</obj>
      <fn>main</fn>
      <dir>/media/sf_E_DRIVE/test_env/bachelor-master</dir>
      <file>main.cpp</file>
      <line>39</line>
    </frame>
  </stack>
  <suppression>
    <sname>insert_a_suppression_name_here</sname>
    <skind>Memcheck:Leak</skind>
    <skaux>match-leak-kinds: definite</skaux>
    <sframe> <fun>_Znwm</fun> </sframe>
    <sframe> <fun>_ZN7planner8cPlanner5AStarEv</fun> </sframe>
    <sframe> <fun>_ZN7planner8cPlanner4PlanEv</fun> </sframe>
    <sframe> <fun>_ZN7planner10cAudiRover6SummonEii</fun> </sframe>
    <sframe> <fun>main</fun> </sframe>
    <rawtext>
<![CDATA[
{
   <insert_a_suppression_name_here>
   Memcheck:Leak
   match-leak-kinds: definite
   fun:_Znwm
   fun:_ZN7planner8cPlanner5AStarEv
   fun:_ZN7planner8cPlanner4PlanEv
   fun:_ZN7planner10cAudiRover6SummonEii
   fun:main
}
]]>
    </rawtext>
  </suppression>
</error>

  <suppression>
    <sname>insert_a_suppression_name_here</sname>
    <skind>Memcheck:Leak</skind>
    <skaux>match-leak-kinds: definite</skaux>
    <sframe> <fun>_Znwm</fun> </sframe>
    <sframe> <fun>_ZN7planner8cPlanner5AStarEv</fun> </sframe>
    <sframe> <fun>_ZN7planner8cPlanner4PlanEv</fun> </sframe>
    <sframe> <fun>_ZN7planner10cAudiRover6SummonEii</fun> </sframe>
    <sframe> <fun>main</fun> </sframe>
    <rawtext>
<![CDATA[
{
   <insert_a_suppression_name_here>
   Memcheck:Leak
   match-leak-kinds: definite
   fun:_Znwm
   fun:_ZN7planner8cPlanner5AStarEv
   fun:_ZN7planner8cPlanner4PlanEv
   fun:_ZN7planner10cAudiRover6SummonEii
   fun:main
}
]]>
    </rawtext>
  </suppression>
<error>
  <unique>0x4</unique>
  <tid>1</tid>
  <kind>Leak_DefinitelyLost</kind>
  <xwhat>
    <text>64 bytes in 1 blocks are definitely lost in loss record 4 of 8</text>
    <leakedbytes>64</leakedbytes>
    <leakedblocks>1</leakedblocks>
  </xwhat>
  <stack>
    <frame>
      <ip>0x4C2E0EF</ip>
      <obj>/usr/lib/valgrind/vgpreload_memcheck-amd64-linux.so</obj>
      <fn>operator new(unsigned long)</fn>
    </frame>
    <frame>
      <ip>0x4042EC</ip>
      <obj>/media/sf_E_DRIVE/test_env/bachelor-master/cmake-build-debug/Bachelor</obj>
      <fn>planner::cAudiRover::InitializePlanner(int const&amp;, int const&amp;)</fn>
      <dir>/media/sf_E_DRIVE/test_env/bachelor-master/planner/src</dir>
      <file>audi_rover.cpp</file>
      <line>48</line>
    </frame>
    <frame>
      <ip>0x404266</ip>
      <obj>/media/sf_E_DRIVE/test_env/bachelor-master/cmake-build-debug/Bachelor</obj>
      <fn>planner::cAudiRover::Summon(int, int)</fn>
      <dir>/media/sf_E_DRIVE/test_env/bachelor-master/planner/src</dir>
      <file>audi_rover.cpp</file>
      <line>36</line>
    </frame>
    <frame>
      <ip>0x4025BE</ip>
      <obj>/media/sf_E_DRIVE/test_env/bachelor-master/cmake-build-debug/Bachelor</obj>
      <fn>main</fn>
      <dir>/media/sf_E_DRIVE/test_env/bachelor-master</dir>
      <file>main.cpp</file>
      <line>39</line>
    </frame>
  </stack>
  <suppression>
    <sname>insert_a_suppression_name_here</sname>
    <skind>Memcheck:Leak</skind>
    <skaux>match-leak-kinds: definite</skaux>
    <sframe> <fun>_Znwm</fun> </sframe>
    <sframe> <fun>_ZN7planner10cAudiRover17InitializePlannerERKiS2_</fun> </sframe>
    <sframe> <fun>_ZN7planner10cAudiRover6SummonEii</fun> </sframe>
    <sframe> <fun>main</fun> </sframe>
    <rawtext>
<![CDATA[
{
   <insert_a_suppression_name_here>
   Memcheck:Leak
   match-leak-kinds: definite
   fun:_Znwm
   fun:_ZN7planner10cAudiRover17InitializePlannerERKiS2_
   fun:_ZN7planner10cAudiRover6SummonEii
   fun:main
}
]]>
    </rawtext>
  </suppression>
</error>

  <suppression>
    <sname>insert_a_suppression_name_here</sname>
    <skind>Memcheck:Leak</skind>
    <skaux>match-leak-kinds: definite</skaux>
    <sframe> <fun>_Znwm</fun> </sframe>
    <sframe> <fun>_ZN7planner10cAudiRover17InitializePlannerERKiS2_</fun> </sframe>
    <sframe> <fun>_ZN7planner10cAudiRover6SummonEii</fun> </sframe>
    <sframe> <fun>main</fun> </sframe>
    <rawtext>
<![CDATA[
{
   <insert_a_suppression_name_here>
   Memcheck:Leak
   match-leak-kinds: definite
   fun:_Znwm
   fun:_ZN7planner10cAudiRover17InitializePlannerERKiS2_
   fun:_ZN7planner10cAudiRover6SummonEii
   fun:main
}
]]>
    </rawtext>
  </suppression>
<error>
  <unique>0x6</unique>
  <tid>1</tid>
  <kind>Leak_PossiblyLost</kind>
  <xwhat>
    <text>236,448 bytes in 4,926 blocks are possibly lost in loss record 6 of 8</text>
    <leakedbytes>236448</leakedbytes>
    <leakedblocks>4926</leakedblocks>
  </xwhat>
  <stack>
    <frame>
      <ip>0x4C2E0EF</ip>
      <obj>/usr/lib/valgrind/vgpreload_memcheck-amd64-linux.so</obj>
      <fn>operator new(unsigned long)</fn>
    </frame>
    <frame>
      <ip>0x4052A8</ip>
      <obj>/media/sf_E_DRIVE/test_env/bachelor-master/cmake-build-debug/Bachelor</obj>
      <fn>planner::cPlanner::Child(planner::tNode*, planner::tAction const&amp;) const</fn>
      <dir>/media/sf_E_DRIVE/test_env/bachelor-master/planner/src</dir>
      <file>planner.cpp</file>
      <line>163</line>
    </frame>
    <frame>
      <ip>0x4058F2</ip>
      <obj>/media/sf_E_DRIVE/test_env/bachelor-master/cmake-build-debug/Bachelor</obj>
      <fn>planner::cPlanner::AStar()</fn>
      <dir>/media/sf_E_DRIVE/test_env/bachelor-master/planner/src</dir>
      <file>planner.cpp</file>
      <line>266</line>
    </frame>
    <frame>
      <ip>0x40549B</ip>
      <obj>/media/sf_E_DRIVE/test_env/bachelor-master/cmake-build-debug/Bachelor</obj>
      <fn>planner::cPlanner::Plan()</fn>
      <dir>/media/sf_E_DRIVE/test_env/bachelor-master/planner/src</dir>
      <file>planner.cpp</file>
      <line>207</line>
    </frame>
    <frame>
      <ip>0x404281</ip>
      <obj>/media/sf_E_DRIVE/test_env/bachelor-master/cmake-build-debug/Bachelor</obj>
      <fn>planner::cAudiRover::Summon(int, int)</fn>
      <dir>/media/sf_E_DRIVE/test_env/bachelor-master/planner/src</dir>
      <file>audi_rover.cpp</file>
      <line>38</line>
    </frame>
    <frame>
      <ip>0x4025BE</ip>
      <obj>/media/sf_E_DRIVE/test_env/bachelor-master/cmake-build-debug/Bachelor</obj>
      <fn>main</fn>
      <dir>/media/sf_E_DRIVE/test_env/bachelor-master</dir>
      <file>main.cpp</file>
      <line>39</line>
    </frame>
  </stack>
  <suppression>
    <sname>insert_a_suppression_name_here</sname>
    <skind>Memcheck:Leak</skind>
    <skaux>match-leak-kinds: possible</skaux>
    <sframe> <fun>_Znwm</fun> </sframe>
    <sframe> <fun>_ZNK7planner8cPlanner5ChildEPNS_5tNodeERKNS_7tActionE</fun> </sframe>
    <sframe> <fun>_ZN7planner8cPlanner5AStarEv</fun> </sframe>
    <sframe> <fun>_ZN7planner8cPlanner4PlanEv</fun> </sframe>
    <sframe> <fun>_ZN7planner10cAudiRover6SummonEii</fun> </sframe>
    <sframe> <fun>main</fun> </sframe>
    <rawtext>
<![CDATA[
{
   <insert_a_suppression_name_here>
   Memcheck:Leak
   match-leak-kinds: possible
   fun:_Znwm
   fun:_ZNK7planner8cPlanner5ChildEPNS_5tNodeERKNS_7tActionE
   fun:_ZN7planner8cPlanner5AStarEv
   fun:_ZN7planner8cPlanner4PlanEv
   fun:_ZN7planner10cAudiRover6SummonEii
   fun:main
}
]]>
    </rawtext>
  </suppression>
</error>

  <suppression>
    <sname>insert_a_suppression_name_here</sname>
    <skind>Memcheck:Leak</skind>
    <skaux>match-leak-kinds: possible</skaux>
    <sframe> <fun>_Znwm</fun> </sframe>
    <sframe> <fun>_ZNK7planner8cPlanner5ChildEPNS_5tNodeERKNS_7tActionE</fun> </sframe>
    <sframe> <fun>_ZN7planner8cPlanner5AStarEv</fun> </sframe>
    <sframe> <fun>_ZN7planner8cPlanner4PlanEv</fun> </sframe>
    <sframe> <fun>_ZN7planner10cAudiRover6SummonEii</fun> </sframe>
    <sframe> <fun>main</fun> </sframe>
    <rawtext>
<![CDATA[
{
   <insert_a_suppression_name_here>
   Memcheck:Leak
   match-leak-kinds: possible
   fun:_Znwm
   fun:_ZNK7planner8cPlanner5ChildEPNS_5tNodeERKNS_7tActionE
   fun:_ZN7planner8cPlanner5AStarEv
   fun:_ZN7planner8cPlanner4PlanEv
   fun:_ZN7planner10cAudiRover6SummonEii
   fun:main
}
]]>
    </rawtext>
  </suppression>
<error>
  <unique>0x8</unique>
  <tid>1</tid>
  <kind>Leak_DefinitelyLost</kind>
  <xwhat>
    <text>402,910,944 (352,753,296 direct, 50,157,648 indirect) bytes in 7,349,027 blocks are definitely lost in loss record 8 of 8</text>
    <leakedbytes>402910944</leakedbytes>
    <leakedblocks>7349027</leakedblocks>
  </xwhat>
  <stack>
    <frame>
      <ip>0x4C2E0EF</ip>
      <obj>/usr/lib/valgrind/vgpreload_memcheck-amd64-linux.so</obj>
      <fn>operator new(unsigned long)</fn>
    </frame>
    <frame>
      <ip>0x4052A8</ip>
      <obj>/media/sf_E_DRIVE/test_env/bachelor-master/cmake-build-debug/Bachelor</obj>
      <fn>planner::cPlanner::Child(planner::tNode*, planner::tAction const&amp;) const</fn>
      <dir>/media/sf_E_DRIVE/test_env/bachelor-master/planner/src</dir>
      <file>planner.cpp</file>
      <line>163</line>
    </frame>
    <frame>
      <ip>0x4058F2</ip>
      <obj>/media/sf_E_DRIVE/test_env/bachelor-master/cmake-build-debug/Bachelor</obj>
      <fn>planner::cPlanner::AStar()</fn>
      <dir>/media/sf_E_DRIVE/test_env/bachelor-master/planner/src</dir>
      <file>planner.cpp</file>
      <line>266</line>
    </frame>
    <frame>
      <ip>0x40549B</ip>
      <obj>/media/sf_E_DRIVE/test_env/bachelor-master/cmake-build-debug/Bachelor</obj>
      <fn>planner::cPlanner::Plan()</fn>
      <dir>/media/sf_E_DRIVE/test_env/bachelor-master/planner/src</dir>
      <file>planner.cpp</file>
      <line>207</line>
    </frame>
    <frame>
      <ip>0x404281</ip>
      <obj>/media/sf_E_DRIVE/test_env/bachelor-master/cmake-build-debug/Bachelor</obj>
      <fn>planner::cAudiRover::Summon(int, int)</fn>
      <dir>/media/sf_E_DRIVE/test_env/bachelor-master/planner/src</dir>
      <file>audi_rover.cpp</file>
      <line>38</line>
    </frame>
    <frame>
      <ip>0x4025BE</ip>
      <obj>/media/sf_E_DRIVE/test_env/bachelor-master/cmake-build-debug/Bachelor</obj>
      <fn>main</fn>
      <dir>/media/sf_E_DRIVE/test_env/bachelor-master</dir>
      <file>main.cpp</file>
      <line>39</line>
    </frame>
  </stack>
  <suppression>
    <sname>insert_a_suppression_name_here</sname>
    <skind>Memcheck:Leak</skind>
    <skaux>match-leak-kinds: definite</skaux>
    <sframe> <fun>_Znwm</fun> </sframe>
    <sframe> <fun>_ZNK7planner8cPlanner5ChildEPNS_5tNodeERKNS_7tActionE</fun> </sframe>
    <sframe> <fun>_ZN7planner8cPlanner5AStarEv</fun> </sframe>
    <sframe> <fun>_ZN7planner8cPlanner4PlanEv</fun> </sframe>
    <sframe> <fun>_ZN7planner10cAudiRover6SummonEii</fun> </sframe>
    <sframe> <fun>main</fun> </sframe>
    <rawtext>
<![CDATA[
{
   <insert_a_suppression_name_here>
   Memcheck:Leak
   match-leak-kinds: definite
   fun:_Znwm
   fun:_ZNK7planner8cPlanner5ChildEPNS_5tNodeERKNS_7tActionE
   fun:_ZN7planner8cPlanner5AStarEv
   fun:_ZN7planner8cPlanner4PlanEv
   fun:_ZN7planner10cAudiRover6SummonEii
   fun:main
}
]]>
    </rawtext>
  </suppression>
</error>

  <suppression>
    <sname>insert_a_suppression_name_here</sname>
    <skind>Memcheck:Leak</skind>
    <skaux>match-leak-kinds: definite</skaux>
    <sframe> <fun>_Znwm</fun> </sframe>
    <sframe> <fun>_ZNK7planner8cPlanner5ChildEPNS_5tNodeERKNS_7tActionE</fun> </sframe>
    <sframe> <fun>_ZN7planner8cPlanner5AStarEv</fun> </sframe>
    <sframe> <fun>_ZN7planner8cPlanner4PlanEv</fun> </sframe>
    <sframe> <fun>_ZN7planner10cAudiRover6SummonEii</fun> </sframe>
    <sframe> <fun>main</fun> </sframe>
    <rawtext>
<![CDATA[
{
   <insert_a_suppression_name_here>
   Memcheck:Leak
   match-leak-kinds: definite
   fun:_Znwm
   fun:_ZNK7planner8cPlanner5ChildEPNS_5tNodeERKNS_7tActionE
   fun:_ZN7planner8cPlanner5AStarEv
   fun:_ZN7planner8cPlanner4PlanEv
   fun:_ZN7planner10cAudiRover6SummonEii
   fun:main
}
]]>
    </rawtext>
  </suppression>
<errorcounts>
  <pair>
    <count>1</count>
    <unique>0x0</unique>
  </pair>
</errorcounts>

<suppcounts>
</suppcounts>

</valgrindoutput>

